"","logFC","AveExpr","t","P.Value","adj.P.Val","B"
"Pf.13_1.418.0_CDS_a_at",-0.469944939356746,3.40667504050698,-5.85323898449474,1.28942129787689e-05,0.293588335313589,1.13945829161341
"Pf.4.29.0_CDS_at",-0.626141797450223,4.60189391138502,-5.14080093696159,6.03119518370871e-05,0.645868427520526,0.319015062835732
"209312_x_at",-0.305594229405189,4.17960529037215,-4.98511798348999,8.50983917853915e-05,0.645868427520526,0.128227576141735
"Pf.2.27.0_CDS_at",-0.28983760645762,6.82002037266661,-4.67483829749022,0.000170075795393665,0.96811394632959,-0.263619568262173
"Pf.5.41.0_CDS_at",-0.366207542994537,4.28820780880934,-4.47582488072903,0.000266147522249748,0.997469446747738,-0.522606042576163
"203413_at",0.246566323845852,3.38963457594975,4.44917526267331,0.000282645728257028,0.997469446747738,-0.557712118321557
"Pf.5.142.0_CDS_at",-0.238472569118079,8.61287187923168,-4.31185751207141,0.000385541615651975,0.997469446747738,-0.740108165526482
"Ag.2R.1562.0_CDS_at",0.213476789886407,4.10257956328481,4.26168563269726,0.000431937369246015,0.997469446747738,-0.807354494363906
"Pf.2.3.0_CDS_at",-0.28599773835919,10.5463102581611,-4.23217330364671,0.000461814548408617,0.997469446747738,-0.84705486975612
"Ag.3L.1744.0_CDS_at",-0.180749235828088,3.19327958776213,-4.20376294744337,0.00049253980187359,0.997469446747738,-0.885371478239624
"Ag.3L.276.0_CDS_at",0.20439535849763,3.20024167562303,4.09457237693956,0.0006310151973127,0.997469446747738,-1.0334990539993
"Pf.14.315.0_CDS_at",-0.447027726770695,3.83928267138013,-4.0835604275629,0.000646989555779765,0.997469446747738,-1.04851095589327
"Pf.7.56.0_CDS_at",-0.459531586874268,8.19093550841668,-4.07616439293951,0.000657945656256803,0.997469446747738,-1.05860075525981
"Ag.3L.643.1_at",-0.220604230177379,2.94640335987801,-4.05036803615838,0.000697636031249882,0.997469446747738,-1.09383756034258
"Ag.2R.2987.0_CDS_at",-0.214221404227335,3.04144267331906,-4.0381970181258,0.00071718726784116,0.997469446747738,-1.11048661112598
"Pf.13_1.645.0_CDS_at",0.390794555734119,4.11993553900347,4.00491296705102,0.00077350365810448,0.997469446747738,-1.15609322821745
"Ag.3L.803.0_CDS_at",0.186365098634671,3.26708120657147,3.94429469198952,0.000887689363916621,0.997469446747738,-1.23943121845834
"Pf.5.8.0_CDS_at",-0.194358346963686,10.5340547051355,-3.93091042190521,0.00091509193804196,0.997469446747738,-1.25787827770814
"Ag.2R.1909.0_CDS_at",0.190264801830568,3.03674379762686,3.91915641757471,0.0009398532961979,0.997469446747738,-1.27409176918256
"Ag.3L.957.0_CDS_at",-0.205317756673566,3.20310269240767,-3.91214030156014,0.000954951671698636,0.997469446747738,-1.28377568985669
"Ag.2R.1891.0_CDS_at",0.16984442227195,3.57275847279482,3.89933574407444,0.000983134015725662,0.997469446747738,-1.301460226171
"Pf.5.9.0_CDS_at",-0.385621063076597,6.85171176442964,-3.8004719141018,0.00123060000845654,0.997469446747738,-1.438463245377
"Ag.3R.867.2_a_at",0.175497645027495,3.61391569912602,3.79488574194796,0.00124630531726535,0.997469446747738,-1.44622742287596
"Ag.UNKN.1909.0_CDS_at",-0.205199241926315,3.39530765466802,-3.78068059371871,0.00128714784214201,0.997469446747738,-1.4659814489199
"Ag.UNKN.1716.0_CDS_at",0.202351256264206,2.88274058815904,3.76854123101664,0.00132310536024018,0.997469446747738,-1.48287435950416
"Ag.3R.1151.0_CDS_at",-0.178255997452542,2.82188426671768,-3.75253056643343,0.00137206345366756,0.997469446747738,-1.50517046768521
"Ag.2L.2753.1_CDS_a_at",-0.188584677343077,3.36630017614659,-3.71309908687368,0.00150046083878361,0.997469446747738,-1.56015616143475
"Ag.3L.931.0_CDS_a_at",0.280481334896879,3.68488072492496,3.70545469722095,0.00152670157780569,0.997469446747738,-1.57082769852341
"Pf.10.23.0_CDS_at",-0.268394323675774,4.82919787157808,-3.69974104363424,0.00154661211234266,0.997469446747738,-1.57880633372753
"Pf.10.333.0_CDS_at",-0.414143807567018,7.84541147789826,-3.67470244468186,0.00163695151340188,0.997469446747738,-1.61379414999506
"Ag.UNKN.2148.0_CDS_s_at",0.214418860439921,3.35472814592416,3.66520750583709,0.00167256328826196,0.997469446747738,-1.62707167004013
"Ag.3R.475.1_s_at",-0.165756949364942,2.85299874278866,-3.64974542347204,0.0017322084948234,0.997469446747738,-1.64870450971118
"X15063.1_RC_x_at",-0.427749616464395,5.81206532385823,-3.63972092388997,0.0017720010765314,0.997469446747738,-1.66273675423251
"Pf.2.190.0_CDS_at",-0.525864095022321,8.00142864869768,-3.61202012660786,0.00188673651143983,0.997469446747738,-1.70153980536908
"Ag.3L.75.0_CDS_at",0.180592562115261,3.12415436144895,3.58612195880266,0.00200065325476668,0.997469446747738,-1.73785231719993
"Pf.11.98.0_CDS_at",0.248016271067325,3.26335741791861,3.57547025158057,0.00204946010813172,0.997469446747738,-1.75279644956872
"Pf.12.270.0_CDS_at",-0.347225403425919,6.46202864596493,-3.56031550926797,0.00212093818665332,0.997469446747738,-1.77406688394212
"Pf.6.3.0_CDS_at",-0.214242574512268,2.71943473535228,-3.5584236826077,0.00213003255318819,0.997469446747738,-1.77672284648246
"Pf.4.28.0_CDS_a_at",-0.278391231944242,9.21127636544459,-3.54014182875246,0.00221992900767199,0.997469446747738,-1.80239656488253
"Ag.2R.3499.0_CDS_at",-0.187940468935425,2.82065426886598,-3.52585468227274,0.00229278568683,0.997469446747738,-1.82246953946916
"Pf.4.4.0_CDS_at",-0.281078681362219,8.32932002398864,-3.50825845115715,0.00238577194104129,0.997469446747738,-1.84720196634556
"Pf.6.101.0_CDS_x_at",-0.197206798758628,9.30042920080752,-3.50154613317587,0.00242221629941633,0.997469446747738,-1.85663931395988
"Ag.2R.979.0_CDS_at",0.164439851779024,2.88286672676653,3.49980849424795,0.00243174003216203,0.997469446747738,-1.85908263483645
"Ag.2L.199.0_CDS_at",0.196825325046176,3.1945666968427,3.4829288758675,0.00252620055931576,0.997469446747738,-1.88282236024867
"Pf.5.295.0_CDS_at",-0.171779307842504,9.35887356605487,-3.47982427051277,0.00254396459944812,0.997469446747738,-1.88718967793929
"Ag.3R.839.0_UTR_a_at",0.175444012954797,2.84563910638474,3.47028526319721,0.00259932020710847,0.997469446747738,-1.90061018144945
"Ag.UNKN.621.0_CDS_s_at",0.226334002422239,4.77759557524837,3.45719708468161,0.00267721059523835,0.997469446747738,-1.91902818184728
"Ag.UNKN.212.0_CDS_s_at",0.164922543781457,3.2930290149336,3.42373642254562,0.00288696002549869,0.997469446747738,-1.96613425552325
"Ag.2R.3510.0_CDS_at",0.162691039340605,2.97098501528855,3.40328442910012,0.00302305227749661,0.997469446747738,-1.99493839941316
"Pf.2.161.0_CDS_at",-0.17301674518521,2.91329163473723,-3.39675525605225,0.00306781472569069,0.997469446747738,-2.00413552543726
"Ag.2R.3711.0_at",0.199922460513049,3.53610712418922,3.39424154390567,0.0030852215328662,0.997469446747738,-2.007676576704
"Pf.5.245.0_CDS_at",-0.45175909622611,9.09058066430098,-3.39141164861558,0.00310493416196661,0.997469446747738,-2.01166315142135
"Ag.2R.1186.0_CDS_at",0.165667525687422,3.2344834378724,3.36523800410055,0.00329322952880893,0.997469446747738,-2.04854015508325
"Ag.2L.1872.0_CDS_at",-0.198044416316774,3.34024330152457,-3.36060860919605,0.00332768317000171,0.997469446747738,-2.05506352918777
"Pf.14.430.0_CDS_at",-0.207543777092589,4.15506673464646,-3.36033579955522,0.00332972453846325,0.997469446747738,-2.05544795756449
"Ag.3R.3441.0_at",0.192881715034158,3.8503107503249,3.36009861271588,0.00333150035052308,0.997469446747738,-2.05578218884003
"Ag.UNKN.1102.0_CDS_at",-0.161492161780106,3.28968095813947,-3.35565655967554,0.0033649303988237,0.997469446747738,-2.0620417968622
"Ag.UNKN.391.0_CDS_at",-0.146446699543635,2.85937281920638,-3.34850915392305,0.00341941370974007,0.997469446747738,-2.07211407489965
"Ag.X.1737.0_at",-0.20461213401489,2.9825556269459,-3.34726882306984,0.00342895638666312,0.997469446747738,-2.07386201819902
"Ag.2L.542.1_at",0.180451258769664,3.08130664865999,3.34195118377912,0.00347016589451614,0.997469446747738,-2.08135605969722
"Ag.2L.221.0_CDS_s_at",0.187516349717056,3.69994997082843,3.31720853333095,0.00366839794552963,0.997469446747738,-2.11622742911764
"Ag.2R.2897.0_CDS_at",0.192800875199683,3.03404684921958,3.31465950589369,0.00368944104026116,0.997469446747738,-2.11982005873016
"Ag.3R.330.0_CDS_at",0.218783240207048,3.30210367132667,3.30822138494756,0.00374311880320034,0.997469446747738,-2.12889406957192
"Ag.UNKN.1595.0_CDS_at",-0.146361711125226,3.55270797694561,-3.29449575646981,0.00386012683138253,0.997469446747738,-2.1482392682762
"Ag.UNKN.1898.0_CDS_at",-0.19247582010843,3.60429505452099,-3.29163751610709,0.00388494022349561,0.997469446747738,-2.1522677076784
"AF352829.1_s_at",-0.490648800568826,8.66552750804405,-3.290462792717,0.00389518370206108,0.997469446747738,-2.15392337220126
"Pf.13_1.342.0_CDS_at",0.165095625141888,7.42313119946923,3.28335806245527,0.00395770306662701,0.997469446747738,-2.16393675158215
"Ag.UNKN.869.0_CDS_at",-0.194722399357799,2.76896688067918,-3.28222066999854,0.00396780268602664,0.997469446747738,-2.16553977203552
"Ag.3L.871.0_CDS_s_at",-0.173361122286371,3.53659341984641,-3.26731098484918,0.00410255398801408,0.997469446747738,-2.18655263539644
"Ag.UNKN.1416.0_CDS_at",-0.178221658095978,3.32201948741125,-3.25458342797566,0.00422112265953296,0.997469446747738,-2.20448897172514
"Pf.12.39.0_CDS_at",-0.409183298720746,7.31402881773208,-3.24408179346339,0.00432147585182532,0.997469446747738,-2.21928733250054
"Ag.2R.299.0_CDS_s_at",0.197955010108985,3.57984984623989,3.23030118091748,0.00445671188525106,0.997469446747738,-2.23870438132943
"Ag.X.125.0_UTR_a_at",-0.171868639360212,3.14934728611225,-3.22497444653686,0.0045100878725798,0.997469446747738,-2.24620914886057
"Ag.2R.3161.0_CDS_at",-0.186896177087352,3.09187178318056,-3.22462946663717,0.00451356618390208,0.997469446747738,-2.24669517262084
"Pf.11.235.0_CDS_at",-0.207010930934322,9.19585210554341,-3.22426672275561,0.00451722643293645,0.997469446747738,-2.2472062212235
"Pf.13_1.79.0_CDS_at",-0.282251033992951,9.61387978344112,-3.22240846469721,0.00453602266665537,0.997469446747738,-2.24982418152449
"Pf.14.320.0_CDS_at",-0.271686218531068,9.16403134166511,-3.21487826714967,0.00461297642171103,0.997469446747738,-2.26043236562768
"Pf.12.450.0_CDS_at",0.278576396440837,3.66196968298079,3.21181691365838,0.00464462511433899,0.997469446747738,-2.26474479162995
"Ag.2R.187.0_CDS_at",-0.171543705803381,2.91250873836542,-3.2101681192665,0.00466175841911028,0.997469446747738,-2.26706732695751
"Ag.2R.2813.0_CDS_at",-0.168232464192541,3.07639960170742,-3.17794182394844,0.00500930658184132,0.997469446747738,-2.31245156961904
"Ag.2L.924.0_CDS_a_at",-0.16591510110434,3.0878030794116,-3.17644760620995,0.00502602055710563,0.997469446747738,-2.31455532929736
"Ag.X.771.0_CDS_a_at",-0.178726021533435,3.64513890668321,-3.17589507486194,0.00503221482143004,0.997469446747738,-2.31533324338598
"Ag.2R.571.0_UTR_s_at",-0.187789332804557,4.0251561451938,-3.16775325785035,0.00512435873135764,0.997469446747738,-2.3267953171199
"Ag.2L.2593.0_CDS_at",-0.227586469988033,4.2085022050043,-3.16341216054146,0.00517415934708569,0.997469446747738,-2.33290603980906
"AF221794.1_RC_at",0.307686839674728,4.89893795720494,3.15729091185992,0.00524518476312589,0.997469446747738,-2.3415217326862
"Ag.UNKN.1908.0_CDS_at",-0.225313379689832,3.01557322342523,-3.15629351488997,0.00525684739606763,0.997469446747738,-2.34292547773201
"Pf.10.18.0_CDS_x_at",-0.154415346102256,4.50941901559326,-3.14511157829149,0.00538934189132113,0.997469446747738,-2.35866108973941
"Ag.2R.505.0_CDS_at",0.197148592220481,3.3037813479474,3.14244563701936,0.00542140801349267,0.997469446747738,-2.36241215115824
"AF368939.1_RC_at",0.260055194988286,3.6453035848628,3.12829535904513,0.00559474599765953,0.997469446747738,-2.3823182990434
"Ag.2L.1403.0_CDS_a_at",-0.149603899416494,3.32192351014724,-3.12386728088992,0.00565008974516016,0.997469446747738,-2.38854622727138
"Ag.2R.2515.0_CDS_at",-0.136334727627442,3.02088828568905,-3.12158478281671,0.00567882513906496,0.997469446747738,-2.391756214951
"AF394663.1_s_at",0.193559251321307,4.72757081489429,3.11371411108627,0.005779008140354,0.997469446747738,-2.40282371888281
"Ag.2R.3036.0_CDS_at",-0.170467601659129,3.3390933313598,-3.11002044714094,0.00582661469352048,0.997469446747738,-2.40801686908019
"Pf.3.121.0_CDS_at",-0.319697239501468,8.12239976497657,-3.10684270300222,0.00586787700274722,0.997469446747738,-2.41248425135162
"Ag.3R.720.0_CDS_at",-0.143863974745104,3.12237862882081,-3.10649825689668,0.00587236660636697,0.997469446747738,-2.41296846279743
"207794_at",0.160351982323469,3.05966834434323,3.10180546829348,0.00593386770350079,0.997469446747738,-2.41956498652848
"Pf.14.2.0_CDS_at",-0.390100615320535,7.22904599831778,-3.08557520018916,0.00615144173723491,0.997469446747738,-2.44237271612388
"Ag.2L.2798.1_CDS_a_at",0.232652718529713,3.59604958377751,3.08380771124908,0.00617559896916775,0.997469446747738,-2.44485584252681
"Ag.2R.3525.1_CDS_a_at",-0.152419864201138,3.41880881506629,-3.08074261727286,0.00621771010210887,0.997469446747738,-2.44916164559644
"Ag.3R.886.0_CDS_at",-0.182045675025769,2.99959113102935,-3.07949904685357,0.00623487492444444,0.997469446747738,-2.45090848170363
"Pf.14.97.0_CDS_a_at",0.159838853102306,8.83256433255338,3.07594013179076,0.006284253030174,0.997469446747738,-2.45590729745092
"Ag.2R.2306.0_CDS_at",0.158880406985089,3.6455192657739,3.07549564679476,0.00629044666478086,0.997469446747738,-2.45653157754177
"Ag.2R.51.0_CDS_a_at",0.161959099586685,3.04812943128611,3.07119032681631,0.00635074657476612,0.997469446747738,-2.46257795433152
"Ag.3R.901.0_CDS_at",0.218485371497464,3.13349089014131,3.06265874734587,0.00647190271888466,0.997469446747738,-2.47455719415801
"Ag.3R.1124.0_CDS_s_at",0.166754314861025,3.32107772344578,3.04890113267674,0.0066720166215084,0.997469446747738,-2.49386710970245
"Ag.2R.742.0_CDS_a_at",0.164782274085051,3.03780277165756,3.04880127499029,0.00667349085252009,0.997469446747738,-2.49400723426903
"Ag.3R.1391.0_CDS_at",0.146084766897114,3.14358851170073,3.04120586478161,0.00678655574574665,0.997469446747738,-2.50466397054911
"Ag.UNKN.2198.0_CDS_s_at",0.150255837785887,3.04105535516337,3.03620510246071,0.00686200932607687,0.997469446747738,-2.51167867800515
"Ag.2L.643.1_CDS_a_at",0.170188131468243,3.3154702362968,3.03290381172386,0.00691226587979697,0.997469446747738,-2.51630877412584
"Ag.3L.397.0_UTR_at",0.166783171673712,3.22386011111893,3.03262828188431,0.00691647646002206,0.997469446747738,-2.51669518168986
"Pf.6.207.0_CDS_at",-0.324336070558741,6.35879884180131,-3.02039426151339,0.00710596178760822,0.997469446747738,-2.53384824491988
"Ag.2R.2167.0_CDS_a_at",0.234031233079956,3.61960759701634,3.0173744967673,0.00715350200770915,0.997469446747738,-2.53808092607389
"Ag.3L.553.1_CDS_s_at",-0.168366885097277,3.27407685029653,-3.0115130818806,0.00724665981484375,0.997469446747738,-2.54629516080597
"Ag.UNKN.1216.0_CDS_s_at",0.147787018666164,3.02147089772652,3.00664962972811,0.00732484801457558,0.997469446747738,-2.5531093423329
"Ag.2R.1602.0_CDS_at",0.167261616043739,3.0035584670994,3.00651917360522,0.00732695653247796,0.997469446747738,-2.55329210538356
"Ag.2R.1282.0_CDS_at",-0.147489306540448,3.64381897396883,-3.00112575281373,0.00741464505028697,0.997469446747738,-2.56084716135277
"Ag.UNKN.1148.0_CDS_at",-0.180344637479128,3.6365417680018,-2.99644230377771,0.0074916143710321,0.997469446747738,-2.56740628480192
"Ag.2R.439.0_UTR_at",0.136934950768064,2.80201374905231,2.99618656518693,0.00749583946498582,0.997469446747738,-2.56776440591878
"Ag.2R.471.0_CDS_at",0.169758782163587,2.83768637343454,2.99071835004305,0.00758673467134029,0.997469446747738,-2.57542081055576
"Pf.8.101.0_CDS_at",-0.288547040966827,9.26511788597828,-2.98967307098927,0.00760423084982707,0.997469446747738,-2.57688416372238
"Ag.2L.1284.0_CDS_at",0.145005954366535,3.00380951742208,2.98872666792173,0.0076201056995694,0.997469446747738,-2.57820903535278
"Ag.X.236.0_CDS_at",0.205349346903713,3.52671816725063,2.98665130307085,0.00765502999713706,0.997469446747738,-2.58111414670972
"Pf.5.223.0_CDS_at",-0.222366611851878,9.96158717457904,-2.9846659341315,0.00768858479848447,0.997469446747738,-2.58389302738567
"Ag.X.404.0_CDS_at",0.144893408011549,3.06067175739527,2.98069447213635,0.00775613430246128,0.997469446747738,-2.58945105085336
"Ag.3L.16.0_CDS_a_at",0.134108219450768,3.64178759694514,2.96790073141442,0.00797766605572702,0.997469446747738,-2.60734881110779
"Ag.2L.2404.0_CDS_at",-0.123723978419716,2.90852862170419,-2.9627288267492,0.00806894701166189,0.997469446747738,-2.61458094082503
"Pf.8.235.0_CDS_at",-0.313385988282855,5.28913928160082,-2.95877509183426,0.00813940817166576,0.997469446747738,-2.62010841529385
"Pf.8.17.0_CDS_at",-0.303644319628511,5.36521138650958,-2.95837675854969,0.00814653992354356,0.997469446747738,-2.62066524102248
"Ag.3R.2455.0_CDS_at",-0.194126880689061,3.5990061856175,-2.94978547169621,0.00830183608535059,0.997469446747738,-2.632672213626
"Pf.8.136.0_CDS_a_at",-0.263539403556183,8.33742232293925,-2.94913455648386,0.0083137178957083,0.997469446747738,-2.63358170491765
"Ag.2R.1420.0_CDS_at",0.149399494563578,3.07710710968304,2.94024932824036,0.00847756059716873,0.997469446747738,-2.64599354893034
"Pf.14.749.0_CDS_at",-0.208281904897044,7.87280986172407,-2.93959734367761,0.00848970516261395,0.997469446747738,-2.64690408566931
"Pf.5.238.0_CDS_at",-0.561476608262463,7.30760472887651,-2.93830535912866,0.00851382070396918,0.997469446747738,-2.64870832983998
"Pf.12.303.0_CDS_at",0.175338114867782,3.20900636050876,2.93055227500188,0.00865993114158588,0.997469446747738,-2.65953284129911
"Ag.2R.839.0_CDS_at",-0.177099779817308,2.98249696110963,-2.92852948356655,0.00869844790648102,0.997469446747738,-2.66235623234187
"Ag.X.976.0_CDS_at",0.156632889954338,3.19309168601459,2.92702744079039,0.00872715580183737,0.997469446747738,-2.66445256739917
"Ag.X.1394.0_at",-0.138321236963,3.1942744736916,-2.91980720161291,0.00886643389897642,0.997469446747738,-2.67452712781071
"Ag.3R.2621.0_at",-0.18862605936758,3.39161440358744,-2.91889189239964,0.00888424258626464,0.997469446747738,-2.67580399148368
"Ag.2L.1110.0_CDS_at",-0.160859367665532,2.8704961899986,-2.91039907028741,0.00905113643145508,0.997469446747738,-2.68764840998353
"Ag.3L.852.0_CDS_at",0.148498392888002,3.06591541941896,2.90959954890928,0.00906700274489831,0.997469446747738,-2.68876315897949
"AF065206.1_RC_at",0.128152712779497,2.70709724285506,2.90257864782231,0.00920748720686949,0.997469446747738,-2.69854998356954
"AJ420390.1_RC_x_at",0.158258079416155,3.21766033932123,2.90203119772629,0.00921852913088797,0.997469446747738,-2.69931293663259
"Ag.2L.508.0_CDS_s_at",0.203948950856635,3.41415066558729,2.90175099239826,0.00922418573507872,0.997469446747738,-2.69970343492051
"Ag.3R.1352.0_CDS_at",0.152026316534155,3.46203929060203,2.90122755918373,0.00923476142895704,0.997469446747738,-2.70043288197632
"Ag.2R.537.0_CDS_at",0.147788499705871,2.95814873482949,2.89753398713765,0.00930972095451561,0.997469446747738,-2.70557953720722
"Ag.2L.826.0_UTR_a_at",0.246418227599155,4.19856493624695,2.89277096576119,0.00940725034215475,0.997469446747738,-2.71221470379699
"Ag.UNKN.1715.0_CDS_at",-0.198033526208492,3.10705881873959,-2.88560422177798,0.00955585609738925,0.997469446747738,-2.72219480359627
"Ag.2R.411.0_CDS_a_at",0.161111772748585,3.14502176158428,2.88171545913226,0.00963743487114558,0.997469446747738,-2.72760829496163
"Ag.2L.1334.0_CDS_at",-0.149755268300266,3.0695101567532,-2.87913662632738,0.00969190314667163,0.997469446747738,-2.73119753197781
"Ag.2L.2756.0_CDS_at",0.182472238463737,3.13395147561042,2.87713953673003,0.00973428773427312,0.997469446747738,-2.73397669761735
"Ag.3L.839.0_CDS_at",-0.157434122058131,3.37702406376078,-2.86346323739798,0.0100293726629658,0.997469446747738,-2.75299927605339
"Ag.X.354.1_at",-0.164702064450857,3.91794768153841,-2.85994822481767,0.0101065928282429,0.997469446747738,-2.75788564836143
"Ag.2L.1650.0_CDS_at",0.154255082044505,3.22357135905393,2.85878897958274,0.0101321850505956,0.997469446747738,-2.75949691855714
"Ag.2R.362.0_CDS_a_at",-0.143233705296439,2.89866937071279,-2.85800301068107,0.0101495720266181,0.997469446747738,-2.76058929056601
"Ag.UNKN.543.0_CDS_at",0.140077014072078,2.98273892292832,2.85377222922071,0.0102436580698294,0.997469446747738,-2.76646842747288
"Ag.2L.331.1_a_at",0.185872587732859,3.2878713611329,2.85364598858379,0.0102464783094681,0.997469446747738,-2.76664382729746
"Ag.3R.2591.0_CDS_a_at",0.149688597446403,2.9350108143171,2.84915721559576,0.0103472448441883,0.997469446747738,-2.77287960149374
"Ag.UNKN.1247.1_at",0.273154524779488,3.77499842921328,2.84496006023902,0.0104423260739871,0.997469446747738,-2.77870855072688
"Pf.5.121.0_CDS_at",-0.203477860114432,8.49351281948908,-2.83899517564673,0.0105788984367633,0.997469446747738,-2.78698961646306
"Ag.X.530.0_CDS_at",-0.156626309464978,2.88191802492012,-2.83815124195689,0.0105983592059678,0.997469446747738,-2.78816097639712
"Pf.5.245.0_CDS_x_at",-0.251856266088165,11.7353451476897,-2.83653662992701,0.0106356873708079,0.997469446747738,-2.79040182792473
"Pf.8.292.0_CDS_at",-0.283616458046213,4.22627312706984,-2.83612816072622,0.0106451507512888,0.997469446747738,-2.79096868500705
"Pf.3.105.0_CDS_at",-0.180698426083284,8.32480840182385,-2.8313095294873,0.010757400524615,0.997469446747738,-2.79765456145892
"Ag.2R.2791.0_CDS_s_at",-0.148176972196208,3.04806061322853,-2.83053824783182,0.010775472680185,0.997469446747738,-2.79872450804611
"Pf.10.57.0_CDS_at",-0.197638526901633,4.65717421547426,-2.8299999049686,0.0107881040394268,0.997469446747738,-2.79947127984623
"209890_at",-0.201070336523341,3.91393988693768,-2.82911248825772,0.0108089568976399,0.997469446747738,-2.80070221331415
"Ag.2R.3312.0_CDS_at",0.138422390236863,3.0699258797202,2.82393601342094,0.0109313689783266,0.997469446747738,-2.80788093520789
"Pf.1.74.0_CDS_at",0.163444016600133,2.86661577851912,2.81965682291102,0.0110335658036435,0.997469446747738,-2.81381328688046
"AF368925.1_RC_x_at",-0.119931257320556,2.93027446677742,-2.81530237048277,0.0111385008261445,0.997469446747738,-2.81984808004027
"Ag.3L.622.0_UTR_at",0.162171436534531,4.66777971251164,2.81351499313099,0.0111818501975669,0.997469446747738,-2.82232463071447
"Ag.UNKN.1212.0_CDS_at",0.188177460499231,4.45852340685523,2.80056845375138,0.0115007088480458,0.997469446747738,-2.84025322720777
"Pf.10.224.0_CDS_at",-0.201798802615236,2.85087900059572,-2.7998690841828,0.0115181793902856,0.997469446747738,-2.84122122823086
"Pf.13_1.400.0_CDS_at",0.276110293157172,3.97073467827238,2.79639691235455,0.0116052929630471,0.997469446747738,-2.84602631298187
"Ag.2L.3759.0_at",0.158855534444349,2.97202116309886,2.79631871349812,0.0116072621513654,0.997469446747738,-2.84613451643376
"Ag.2R.117.1_CDS_at",0.194573538966752,3.49613422357444,2.79354533664821,0.0116773081884001,0.997469446747738,-2.84997160547
"Ag.2R.1243.0_CDS_at",0.163465712516199,3.04971043603557,2.79170004596448,0.0117241381255166,0.997469446747738,-2.85252419039399
"Ag.UNKN.2002.0_CDS_at",-0.171777217430068,3.13482063866773,-2.79114161609404,0.0117383454311729,0.997469446747738,-2.85329659261566
"Ag.2L.2792.0_CDS_a_at",0.158665821721155,3.13394544409328,2.79069568730217,0.0117497023803779,0.997469446747738,-2.85391336285907
"Ag.3R.1524.0_CDS_at",0.130778353104071,3.04525037157419,2.78892221414509,0.0117949735919272,0.997469446747738,-2.85636606566325
"Ag.2L.557.0_CDS_at",-0.127937590746783,2.90871565810312,-2.78872247649999,0.0118000827239341,0.997469446747738,-2.85664228033913
"Pf.5.41.0_CDS_x_at",-0.424188590608217,5.27438095230907,-2.78848745639305,0.0118060970681368,0.997469446747738,-2.8569672811573
"Ag.X.679.0_CDS_at",-0.140710253752673,2.89734572286657,-2.78381061750059,0.0119263932598853,0.997469446747738,-2.8634334647203
"Ag.2L.3961.0_at",-0.162364355015341,3.08820529975714,-2.78225365994058,0.011966700617393,0.997469446747738,-2.86558557979742
"Ag.3R.498.0_CDS_at",-0.155845391863162,3.52732052944111,-2.78023629524606,0.0120191212670329,0.997469446747738,-2.86837369972682
"Pf.5.108.0_CDS_at",-0.176041072556437,9.43380809155192,-2.77905439503737,0.0120499346635884,0.997469446747738,-2.87000694885756
"Ag.2R.2729.0_CDS_at",-0.17579991221665,3.03841705564684,-2.77742269116216,0.0120925992150419,0.997469446747738,-2.87226152062606
"Ag.3L.1823.1_s_at",-0.136192651140221,3.11995207292793,-2.77571462819182,0.012137415237191,0.997469446747738,-2.87462128340152
"Ag.X.1062.0_CDS_at",0.171937604905909,3.38189000382899,2.77343211502971,0.0121975518490443,0.997469446747738,-2.87777416645327
"Ag.2L.797.0_CDS_a_at",-0.118305854432309,2.91238434643864,-2.77327910439902,0.0122015933511364,0.997469446747738,-2.87798550240483
"Ag.3L.847.0_CDS_at",0.130876239632142,2.97803832214672,2.77140849955878,0.0122511057443185,0.997469446747738,-2.88056894111465
"Ag.3L.1770.0_CDS_at",0.159886666415249,3.21695766166426,2.76603483170982,0.0123944111318921,0.997469446747738,-2.88798816591693
"Ag.X.309.0_CDS_a_at",-0.148038914783144,2.96359202105804,-2.76566363660901,0.012404369181108,0.997469446747738,-2.8885005404569
"Ag.3L.995.0_CDS_at",-0.146396282644933,3.19696626952956,-2.76301824138418,0.0124755591232753,0.997469446747738,-2.89215162396418
"Pf.8.295.0_CDS_at",-0.17700682775073,6.5429427882644,-2.76238092033349,0.0124927683219545,0.997469446747738,-2.8930311129917
"Ag.3R.440.0_CDS_a_at",0.156827654187745,3.08744952753326,2.76006643643038,0.0125554560756832,0.997469446747738,-2.89622465785445
"Ag.UNKN.364.0_CDS_s_at",-0.162270262395765,2.93249459293374,-2.75966286005549,0.0125664176885191,0.997469446747738,-2.89678145292946
"Pfa3D7_hrpIII_x_at",-0.29610667645051,4.4889048599927,-2.75819903936865,0.0126062536366815,0.997469446747738,-2.8988008588298
"Ag.2R.57.0_CDS_a_at",0.136920955877201,3.2107084990518,2.75795114315806,0.0126130117493546,0.997469446747738,-2.89914281819105
"Ag.2R.3597.0_CDS_at",-0.118973383185177,2.86897426234906,-2.7513963191256,0.0127929702938745,0.997469446747738,-2.90818225100141
"Ag.UNKN.1795.0_CDS_at",-0.154616327138423,2.80872141088927,-2.74894887660385,0.0128607904432155,0.997469446747738,-2.91155610909377
